{
    "rewards": [
        -21.0,
        -21.0,
        -20.0,
        -20.0,
        -19.0,
        -19.0,
        -21.0,
        -21.0,
        -21.0,
        -20.0,
        -20.0
    ],
    "avg_rewards": [
        -21.0,
        -21.0,
        -20.666666666666668,
        -20.5,
        -20.2,
        -20.0,
        -20.142857142857142,
        -20.25,
        -20.333333333333332,
        -20.3,
        -20.272727272727273
    ],
    "losses": [
        0.011317576008278284,
        0.010264653035433958,
        0.008060725540615361,
        0.007120693730030325,
        0.005424092533285908,
        0.003959987928445501,
        0.0031577645760446755,
        0.002611466071194675,
        0.0016726642044783868,
        0.00212284178421616,
        0.0015687246607285488
    ],
    "epsilons": [
        0.999,
        0.998001,
        0.997002999,
        0.996005996001,
        0.995009990004999,
        0.994014980014994,
        0.993020965034979,
        0.9920279440699441,
        0.9910359161258742,
        0.9900448802097482,
        0.9890548353295385
    ],
    "episode_lengths": [
        792,
        916,
        958,
        897,
        1146,
        964,
        885,
        759,
        850,
        858,
        1023
    ],
    "total_frames": 10048,
    "frames_per_episode": [
        792,
        916,
        958,
        897,
        1146,
        964,
        885,
        759,
        850,
        858,
        1023
    ],
    "fps": [
        259.40047964926504,
        272.2165510260634,
        294.3595908650098,
        289.49549481476066,
        288.8692240096435,
        288.26716523639664,
        283.44470980347717,
        293.2109347340018,
        290.05942577619584,
        288.49432521091666,
        283.43360772998886
    ],
    "config": {
        "env": "PongNoFrameskip-v4",
        "episodes": 1000,
        "batch_size": 64,
        "buffer_size": 100000,
        "lr": 0.0001,
        "gamma": 0.99,
        "target_update": 1,
        "render": false,
        "epsilon_start": 1.0,
        "epsilon_end": 0.01,
        "epsilon_decay": 0.999,
        "update_every": 4,
        "double": true,
        "dueling": true,
        "priority": false,
        "save_dir": "../output/pong/ddqn_duel",
        "load_path": null
    }
}