{
    "rewards": [
        -21.0,
        -21.0,
        -21.0,
        -20.0,
        -21.0,
        -20.0,
        -20.0,
        -21.0,
        -21.0,
        -19.0,
        -21.0
    ],
    "avg_rewards": [
        -21.0,
        -21.0,
        -21.0,
        -20.75,
        -20.8,
        -20.666666666666668,
        -20.571428571428573,
        -20.625,
        -20.666666666666668,
        -20.5,
        -20.545454545454547
    ],
    "losses": [
        0.011319236636784179,
        0.011460916253098611,
        0.01130148904794395,
        0.012637200050637053,
        0.01126764155712882,
        0.010835393424512943,
        0.00963888239660134,
        0.009666828660538248,
        0.01029708259807551,
        0.009307600063729589,
        0.0056422515143749645
    ],
    "epsilons": [
        0.999,
        0.998001,
        0.997002999,
        0.996005996001,
        0.995009990004999,
        0.994014980014994,
        0.993020965034979,
        0.9920279440699441,
        0.9910359161258742,
        0.9900448802097482,
        0.9890548353295385
    ],
    "episode_lengths": [
        792,
        886,
        956,
        929,
        934,
        982,
        837,
        806,
        762,
        1183,
        849
    ],
    "total_frames": 9916,
    "frames_per_episode": [
        792,
        886,
        956,
        929,
        934,
        982,
        837,
        806,
        762,
        1183,
        849
    ],
    "fps": [
        335.08332657495447,
        307.13734630232557,
        345.436731889285,
        341.11734761590435,
        332.019706858363,
        336.36702853749745,
        331.04804678648446,
        331.47239141209747,
        325.9901560154057,
        341.12973548989436,
        341.71013936463726
    ],
    "config": {
        "env": "PongNoFrameskip-v4",
        "episodes": 1000,
        "batch_size": 64,
        "buffer_size": 100000,
        "lr": 0.0001,
        "gamma": 0.99,
        "target_update": 1,
        "render": false,
        "epsilon_start": 1.0,
        "epsilon_end": 0.01,
        "epsilon_decay": 0.999,
        "update_every": 4,
        "double": true,
        "dueling": false,
        "priority": false,
        "save_dir": "../output/pong/ddqn",
        "load_path": null
    }
}