{
    "rewards": [
        -21.0,
        -21.0,
        -21.0,
        -20.0,
        -21.0,
        -20.0,
        -19.0,
        -20.0,
        -20.0,
        -20.0,
        -21.0
    ],
    "avg_rewards": [
        -21.0,
        -21.0,
        -21.0,
        -20.75,
        -20.8,
        -20.666666666666668,
        -20.428571428571427,
        -20.375,
        -20.333333333333332,
        -20.3,
        -20.363636363636363
    ],
    "losses": [
        0.008802718363750621,
        0.011390832016280604,
        0.011408932055215416,
        0.011870848522102321,
        0.012309990961957552,
        0.01177244983926025,
        0.011393686532905763,
        0.012671529174264992,
        0.011768284427283409,
        0.01128176933642367,
        0.01162740787821301
    ],
    "epsilons": [
        0.999,
        0.998001,
        0.997002999,
        0.996005996001,
        0.995009990004999,
        0.994014980014994,
        0.993020965034979,
        0.9920279440699441,
        0.9910359161258742,
        0.9900448802097482,
        0.9890548353295385
    ],
    "episode_lengths": [
        912,
        854,
        817,
        1006,
        786,
        964,
        1017,
        895,
        898,
        983,
        761
    ],
    "total_frames": 9893,
    "frames_per_episode": [
        912,
        854,
        817,
        1006,
        786,
        964,
        1017,
        895,
        898,
        983,
        761
    ],
    "fps": [
        116.88820293710084,
        212.39976892956537,
        188.40856642303146,
        218.60926129643394,
        216.4306634954973,
        219.9535709857992,
        211.67756760969453,
        214.72969008274745,
        220.3029525392495,
        210.8651982991677,
        224.89042780304067
    ],
    "config": {
        "env": "PongNoFrameskip-v4",
        "episodes": 1000,
        "batch_size": 64,
        "buffer_size": 100000,
        "lr": 0.0001,
        "gamma": 0.99,
        "target_update": 1,
        "render": false,
        "epsilon_start": 1.0,
        "epsilon_end": 0.01,
        "epsilon_decay": 0.999,
        "update_every": 4,
        "double": true,
        "dueling": false,
        "priority": false,
        "save_dir": "../output/pong/ddqn",
        "load_path": null
    }
}