{
    "rewards": [
        22.0,
        14.0,
        49.0,
        17.0,
        39.0,
        15.0,
        22.0,
        24.0,
        19.0,
        65.0,
        24.0,
        16.0,
        15.0,
        11.0,
        9.0,
        18.0,
        18.0,
        19.0,
        14.0,
        14.0,
        10.0,
        27.0,
        25.0,
        12.0,
        10.0,
        14.0,
        18.0,
        138.0,
        44.0,
        66.0,
        116.0,
        134.0,
        151.0
    ],
    "avg_rewards": [
        22.0,
        18.0,
        28.333333333333332,
        25.5,
        28.2,
        26.0,
        25.428571428571427,
        25.25,
        24.555555555555557,
        28.6,
        28.181818181818183,
        27.166666666666668,
        26.23076923076923,
        25.142857142857142,
        24.066666666666666,
        23.6875,
        23.352941176470587,
        23.11111111111111,
        22.63157894736842,
        22.2,
        21.61904761904762,
        21.863636363636363,
        22.0,
        21.583333333333332,
        21.12,
        20.846153846153847,
        20.74074074074074,
        24.928571428571427,
        25.586206896551722,
        26.933333333333334,
        29.806451612903224,
        33.0625,
        36.63636363636363
    ],
    "losses": [
        0,
        0,
        0.2596047357434318,
        0.0547135636648711,
        0.008480702723877935,
        0.001560822317454343,
        0.0008355011734899811,
        0.0006058182079868857,
        0.0004972296561678185,
        0.01594621885406713,
        0.01346905502335479,
        0.010809959945618175,
        0.010785960499197245,
        0.009310453622178598,
        0.01075178250256512,
        0.01052335685946875,
        0.008645810626654161,
        0.009185031816167267,
        0.008557046530768275,
        0.008654487602013563,
        0.011066914163529873,
        0.03325950669952565,
        0.035317408442497256,
        0.020308198562512796,
        0.018737847451120615,
        0.016667172345998033,
        0.015084890105451146,
        0.0193772881285058,
        0.018809528661553155,
        0.015752273770472544,
        0.018663013486416434,
        0.013583730324171484,
        0.013474087782870263
    ],
    "epsilons": [
        1.0,
        1.0,
        0.9000874278732445,
        0.8265651079747222,
        0.6797938283326578,
        0.6305556603555866,
        0.5647174463480732,
        0.500708706245853,
        0.45522245551230495,
        0.32864265128599696,
        0.2913921604631864,
        0.2689348941735696,
        0.2494556624678441,
        0.23607350863684065,
        0.22566020663225933,
        0.20619134658263935,
        0.18840216465300522,
        0.1712870076899825,
        0.15967890763313974,
        0.14885748713096328,
        0.14157986400593744,
        0.12365869841532712,
        0.10909420695870241,
        0.10272559337455119,
        0.09770335251664321,
        0.09108200798387568,
        0.0832238973628649,
        0.041670929977297724,
        0.033423255248208356,
        0.024008889611965685,
        0.013422995398979608,
        0.006857128076769321,
        0.0032168251375341195
    ],
    "episode_lengths": [
        22,
        14,
        49,
        17,
        39,
        15,
        22,
        24,
        19,
        65,
        24,
        16,
        15,
        11,
        9,
        18,
        18,
        19,
        14,
        14,
        10,
        27,
        25,
        12,
        10,
        14,
        18,
        138,
        44,
        66,
        116,
        134,
        151
    ],
    "total_frames": 1209,
    "frames_per_episode": [
        22,
        14,
        49,
        17,
        39,
        15,
        22,
        24,
        19,
        65,
        24,
        16,
        15,
        11,
        9,
        18,
        18,
        19,
        14,
        14,
        10,
        27,
        25,
        12,
        10,
        14,
        18,
        138,
        44,
        66,
        116,
        134,
        151
    ],
    "fps": [
        36002.609442060086,
        65390.04008908686,
        38.82372044927418,
        44.72128400203213,
        56.82918191378374,
        58.45464588306016,
        57.530048212556714,
        58.33794798089851,
        55.57814277315431,
        55.58444661692612,
        56.73959037904819,
        55.4043604324767,
        48.77698879164176,
        52.70393851538601,
        55.806982685211466,
        53.95262443642632,
        53.49009549895886,
        54.971294711036364,
        54.07056583237645,
        53.595262608340086,
        54.996086041525984,
        54.51409013779409,
        54.33424773377578,
        54.201762226496285,
        50.46149552027276,
        52.78519432094193,
        53.770179270794976,
        54.35079985208826,
        54.773445814914695,
        54.468350893651916,
        52.901101950300244,
        50.719752518224524,
        49.512075596337446
    ],
    "config": {
        "env": "CartPole-v1",
        "episodes": 300,
        "batch_size": 64,
        "buffer_size": 1000000,
        "lr": 0.001,
        "gamma": 0.99,
        "target_update": 200,
        "double": true,
        "dueling": true,
        "priority": true,
        "epsilon_start": 1.0,
        "epsilon_end": 0.001,
        "epsilon_decay": 0.995,
        "save_dir": "train_data/ddqn_duel_per",
        "load_path": null
    }
}